Id,ProductId,UserId,Amount
1,9,dstaynesau,7872
2,39,dpendrichap,8798
3,37,jyantsev1y,1773
4,27,sallworthydu,8317
5,36,iodonohuebh,6064
6,4,rhartilldv,6981
7,14,jinglefield5f,4941
8,40,qbrownett1l,535
9,22,ybyas2i,867
10,23,lbradnumbc,4101
11,34,kstockoe9e,1801
12,9,mkilsbybl,5786
13,7,bslowcockd2,4162
14,31,kstrover1r,8408
15,34,dpendrichap,4374
16,27,tgwilliam6x,9873
17,29,epetteford40,5910
18,21,obalhatchet35,502
19,19,tnetti1,7237
20,18,dvakhrushin3u,4456
21,32,baspenlon20,1936
22,4,waltofts3k,2237
23,27,cperchard9r,3211
24,17,jsivess9c,7499
25,40,clealle53,8847
26,1,sziemens7h,9286
27,15,cspottiswood57,5112
28,32,nantonomoli72,6983
29,28,ndulakec1,6990
30,11,tlarderot7r,785
31,15,ddalwoodco,9036
32,20,mgraine34,3846
33,5,amccreery6v,6386
34,13,osirmondav,2403
35,12,gpriddiedl,6890
36,36,cbigly8d,4031
37,14,dbellhanger6l,507
38,22,cgiraldocw,5097
39,37,ddecourcy1e,7734
40,26,alarver2h,8840
41,33,mcreamer22,8969
42,40,gmatteoni91,4254
43,5,dbuzza98,2227
44,32,lcommander5n,7870
45,31,gmatteoni91,8778
46,8,jpolod5,113
47,6,njennick61,3467
48,5,plequesnebg,1458
49,35,gdeuss3v,874
50,31,cmacredmondcr,7420
51,11,ciannelli7u,5622
52,15,dmothersdale4q,796
53,5,rhandscombb5,6569
54,8,pwittier9t,2592
55,15,gbatchelar85,6238
56,15,apearsey2g,7580
57,35,sheater6d,9623
58,37,ajentzsch9u,3939
59,20,tcalver8k,4162
60,16,aaronovich8b,5777
61,1,rkelby43,2758
62,17,cwhittleton82,4168
63,28,wbrocklebank2n,4532
64,29,enanndt,7974
65,40,tcazeak,3237
66,31,ashort2,5493
67,35,kcadmang,8945
68,10,bcustardbu,781
69,40,cnussen3g,3852
70,20,ggustus6o,9861
71,10,yaspel8z,670
72,10,dtwidell96,3404
73,18,dsteptowe4y,585
74,22,bcammidge6c,4871
75,17,krolland2u,5253
76,4,amccreery6v,8077
77,9,sziemens7h,4583
78,20,cbootherstone19,7160
79,7,cfogel2m,8646
80,7,atrythall7e,9916
81,24,bcarranebq,8476
82,29,madacot13,4872
83,25,mbelasco50,179
84,24,tjakoubek1a,9136
85,20,ahorryaq,3114
86,29,ditzchakica,2488
87,37,iodonohuebh,4707
88,23,corgee2r,3412
89,23,bsancias8e,3069
90,15,tmckeggie5c,6178
91,23,gmatteoni91,8642
92,5,egarwillan,7597
93,3,kkattad,2864
94,12,ddecourcy1e,2357
95,34,vgrowcott1h,6947
96,18,dsnaden73,4756
97,21,ccardero7s,8445
98,34,ggustus6o,6417
99,39,enarraway1w,3468
100,2,tpieters3w,8164
101,22,sabbesd8,1335
102,30,atesche2a,7979
103,37,carundel7z,7167
104,12,ablackboro5x,9062
105,21,whazley6k,6343
106,2,skeppe67,9784
107,31,cangood6b,226
108,34,pmacanespiec2,4305
109,18,dpatrickson9b,303
110,7,tlefleming12,6604
111,6,epetteford40,765
112,4,ggustus6o,9288
113,8,ysutherns8i,2033
114,24,kgoodlett7v,9572
115,6,tpieters3w,7500
116,22,aalessandrucci9m,8968
117,35,ljeavon83,6967
118,29,coglassane4j,2650
119,34,adesseine6w,7956
120,18,rlamminam48,2167
121,5,tlumsdencv,5678
122,13,dpatchett38,8220
123,15,llewsamcg,7579
124,22,nmccreery5g,5644
125,33,sgodon27,3212
126,39,dsteptowe4y,6245
127,9,bmityushkin45,3740
128,22,pwittier9t,4584
129,35,ccripscj,3276
130,36,csatchbn,6675
131,25,pdoctor2j,5373
132,23,jcallaghanda,6137
133,23,ktrusty8q,6275
134,22,iproffercl,7393
135,13,gcammoile2v,5050
136,13,skonmannar,1943
137,4,mgraine34,1337
138,6,tosgar6z,2909
139,33,lstirton8a,4458
140,14,rblanning6u,9463
141,27,ysutherns8i,3651
142,4,rpinksb6,9159
143,1,ppetreczat,3254
144,12,mkeech3m,5538
145,11,eflageul7d,2571
146,15,cescalante25,2719
147,33,lgodlip1s,6587
148,19,mmeasen7o,7582
149,27,ceagell6p,167
150,12,cperchard9r,3921
151,18,tgwilliam6x,9239
152,34,ssaundercockck,4496
153,35,psabattierab,2491
154,2,ppenhall5z,7392
155,21,bhonigd1,8045
156,14,ggustus6o,6536
157,9,ddecourcy1e,8216
158,6,ccardero7s,839
159,7,dvaugham8t,7522
160,8,ashort2,6215
161,33,gpriddiedl,1541
162,13,hkornas86,3235
163,34,mgauthorpp71,3538
164,2,fyardleydb,8008
165,6,coglassane4j,5859
166,37,kstrover1r,6411
167,3,ibrasener87,7325
168,32,aholwell65,2485
169,17,kkattad,5880
170,3,bstrawbridgebo,3327
171,23,apendreaw,9989
172,27,aschreiner26,1573
173,40,lbasilic6,9290
174,15,vbaseke6,7223
175,3,mnew3h,5487
176,18,kstrover1r,9906
177,26,acessford4k,6449
178,10,llaird0,8346
179,35,obartul80,6743
180,39,madacot13,9604
181,11,ccardero7s,9805
182,5,gbatchelar85,7958
183,11,hsimonsen76,9731
184,1,lcrowchecy,612
185,22,dmein4s,5399
186,38,mchillistone8l,8239
187,6,cpibworthch,9341
188,1,pniccolsu,1139
189,28,bgyer5s,6854
190,24,hromaninim,7061
191,27,gormshaw9d,2298
192,5,dgiraudat16,4902
193,14,iproffercl,1015
194,39,coglassane4j,3249
195,31,erembaudby,7342
196,27,ldollx,9874
197,32,mmeasen7o,359
198,37,afollis4z,3729
199,18,tlumbere,4665
200,13,rbeauments,7401
201,33,hcindereybr,7503
202,15,hgiraudoux9z,4406
203,14,hkornas86,4694
204,21,cmustoecp,4265
205,26,gcammoile2v,5799
206,12,lbasilic6,4532
207,36,cmckelvie5a,6784
208,9,wlockierdg,6218
209,17,ajunkin3f,1500
210,1,lhavelinedp,8848
211,21,dmein4s,421
212,2,tmountney5y,9161
213,10,lcapnordk,2241
214,13,prawlynsb1,7931
215,36,ahorryaq,4479
216,15,nduffill2k,1618
217,1,kstrover1r,5122
218,40,dstrangward3o,9745
219,36,mchattoc9,6003
220,22,ndeniskec8,2532
221,40,nsalterncd,5515
222,39,fmcreidya2,6857
223,6,qmancell4p,8777
224,10,hcindereybr,6322
225,29,mtakos1k,228
226,2,iodonohuebh,800
227,12,hwhitwell3r,6119
228,31,dtwidell96,5339
229,15,fdoneo,7625
230,17,dpatrickson9b,7509
231,12,crubrow3p,2666
232,23,kchokec4,8226
233,9,sgodon27,3559
234,10,lavesct,1773
235,18,eketteman18,5145
236,9,cnussen3g,532
237,25,ylegging5d,4261
238,38,hsabates8f,7522
239,23,ktrusty8q,8752
240,24,spelman9q,9873
241,8,sziemens7h,2116
242,15,jrevie77,3860
243,11,qbrownett1l,8879
244,37,cosmond6q,7109
245,24,onardoni1g,187
246,23,pwittier9t,9037
247,19,cmonaghan1c,3101
248,14,osaurat3y,3046
249,11,japhaleq,8945
250,3,joxterby8s,5161
251,28,tbrattell75,3035
252,9,cpibworthch,1252
253,16,jnorville2d,3262
254,35,lhyndman5v,5751
255,14,ajunkin3f,2666
256,10,rkondratovich41,8892
257,27,skeppe67,9879
258,15,hbloan15,4942
259,21,imarrill6y,3548
260,16,dpatchett38,8636
261,17,spelman9q,369
262,29,gdeuss3v,1434
263,10,sziemens7h,135
264,26,ehegel33,345
265,40,gcosby3s,530
266,37,obartul80,9382
267,8,cgorce4r,3566
268,29,bgounotbs,3591
269,5,eketteman18,5799
270,18,hcindereybr,9629
271,36,rheugela1,4750
272,1,asayed7,6240
273,27,slanchester8r,8827
274,14,jhundal8v,2471
275,22,ldaishba,9954
276,2,eclaque8n,7649
277,28,gbell2p,6623
278,27,uharby7x,2128
279,31,gbell2p,4477
280,23,skellet5t,5226
281,38,mgauthorpp71,1569
282,28,ccardero7s,1164
283,21,rhallaways5w,5843
284,26,ablackstonc0,2532
285,37,bhaliburn60,7795
286,7,asayed7,4310
287,40,madacot13,7038
288,10,chitzschkebe,4953
289,6,hsimonsen76,3279
290,39,rbeauments,4597
291,37,dhaysard3,8041
292,22,mkilsbybl,3009
293,37,lcapnordk,6916
294,4,fizaac8x,7948
295,14,jpartlett1z,7869
296,16,jyantsev1y,6212
297,25,dphilpott21,653
298,19,nmorritt3t,4311
299,7,cmonaghan1c,6075
300,24,cspottiswood57,6481
301,2,mtakos1k,4203
302,26,dvaugham8t,5928
303,36,cbootherstone19,9840
304,1,acaddie4l,4405
305,7,dmcilhattonn,3669
306,16,ecackett9p,3769
307,2,rkelby43,3873
308,16,nnysaa,791
309,30,tmoral4c,5114
310,9,csatchbn,9013
311,26,obartul80,9573
312,25,gbudikbm,3792
313,16,ataylour9y,8358
314,28,cgorce4r,9896
315,17,ktrusty8q,901
316,15,atrythall7e,8989
317,38,dcronkb2,3847
318,26,gdeuss3v,5098
319,29,bhartly3q,117
320,23,gfassamk,6274
321,18,ndulakec1,1271
322,7,twidger58,707
323,7,bscamp1n,6681
324,7,tosgar6z,3766
325,12,mmaccart31,8195
326,28,dmothersdale4q,765
327,28,mregglar7g,2560
328,5,bcustardbu,8541
329,13,iproffercl,4264
330,31,ldesmond9n,8061
331,26,cosmond6q,1986
332,19,gfassamk,3827
333,22,pmacanespiec2,635
334,28,cbootherstone19,6371
335,26,dspadollinib8,1257
336,25,egarwillan,295
337,30,tlumbere,2637
338,7,egarwillan,6359
339,8,ceagell6p,8400
340,35,ktrusty8q,462
341,8,rlamminam48,1581
342,4,nglasheen24,6604
343,25,fbremeyer9s,822
344,20,mchattoc9,2596
345,40,coglassane4j,4894
346,27,ymaxwale3z,4528
347,25,slovart3a,2449
348,31,rfallows6i,9489
349,32,jinglefield5f,2893
350,10,skeppe67,6152
351,2,krolland2u,4983
352,9,lbettlescz,8711
353,38,gormshaw9d,3867
354,40,jlowten7,7971
355,35,egarwillan,4272
356,12,dmothersdale4q,9827
357,16,belsomax,6143
358,14,mcassedy1i,2265
359,8,hmacalindenbz,2208
360,40,gbithany6n,8743
361,24,dbellhanger6l,4282
362,27,ghundellw,475
363,28,aaronovich8b,8106
364,7,rchalice8w,4828
365,31,oingleston5u,4407
366,29,bbuzinbb,5446
367,13,testrellaa7,5197
368,37,ccardero7s,4051
369,19,rhailey88,4683
370,39,mwhitmore5e,5375
371,3,ndeniskec8,1893
372,10,acluely6m,4535
373,2,ibrasener87,2879
374,2,fbremeyer9s,7900
375,26,dmcilhattonn,9914
376,17,acaddie4l,773
377,9,pwittier9t,7624
378,17,dprallcx,8030
379,14,ehegel33,3639
380,11,amccreery6v,7777
381,1,amccreery6v,4354
382,13,oingleston5u,5912
383,6,dcrumpe89,4932
384,21,hbloan15,1657
385,18,psabattierab,6293
386,29,gfassamk,2718
387,22,dpendrichap,1181
388,7,jsporton90,6912
389,31,esaddingtonbt,566
390,11,ibrasener87,9488
391,16,tbrattell75,6816
392,2,cbranstont,6264
393,14,hwhitwell3r,6039
394,37,ddanseyb4,9810
395,17,mcatheef,8846
396,13,lwilsdon7l,5989
397,34,creavell8,7443
398,1,lterrandc,4357
399,23,mkilsbybl,9677
400,33,apendreaw,5178
401,14,drablen9l,1567
402,40,vgraveston42,2965
403,11,skeppe67,8848
404,30,bscamp1n,1300
405,25,tlarderot7r,3846
406,35,jpentlow17,9040
407,31,yaspel8z,6972
408,12,alarver2h,6810
409,14,pfromont3i,9320
410,35,glisciardelli66,5496
411,7,ntapsell23,3118
412,5,eflageul7d,1714
413,23,krolland2u,4798
414,20,dditch2s,7210
415,17,cerickssen2q,5021
416,22,fizaac8x,3942
417,39,swyvill5l,1921
418,12,fmcreidya2,4446
419,31,asympson3e,2039
420,35,gpendergrast4x,349
421,18,dvakhrushin3u,8603
422,32,eketteman18,809
423,7,cbranstont,250
424,19,hthake5b,829
425,24,gbithany6n,8188
426,37,gpriddiedl,6237
427,36,cajam4g,1366
428,32,sitzhakce,7307
429,27,oboich30,2146
430,40,nantonomoli72,9092
431,8,cbigly8d,795
432,35,abetty7n,564
433,8,mmcgifford9k,7857
434,27,iproffercl,3371
435,10,plequesnebg,5161
436,40,smeddemmenbp,4230
437,6,greboul2c,6620
438,40,ldollx,3757
439,16,dditch2s,2153
440,17,lcommander5n,5842
441,3,kfeavyour7q,2867
442,5,aallchindi,2835
443,35,slanchester8r,4149
444,34,olukehurst7c,5436
445,39,pgofforth9h,152
446,16,ybyas2i,9466
447,34,nduffill2k,8295
448,13,hdeniso1q,870
449,4,cosmond6q,1672
450,38,jsporton90,6990
451,19,hwhitwell3r,1030
452,23,jinglefield5f,8640
453,19,acluely6m,8133
454,38,iodonohuebh,7583
455,8,aholwell65,2345
456,34,gbudikbm,5134
457,17,gwizcf,2052
458,1,sreubena0,8692
459,25,pdoctor2j,7163
460,15,whasling9f,8814
461,14,bhartly3q,2956
462,19,jinglefield5f,6694
463,23,afarres4t,5037
464,21,bfeakinsc7,5704
465,9,jcallaghanda,8214
466,20,ldawidsohnr,5567
467,19,cpryora5,6314
468,14,lbasilic6,4764
469,12,kpainswick81,4169
470,36,creavell8,5687
471,28,lhavelinedp,7368
472,34,obartul80,7098
473,2,wbathow7j,9735
474,8,mgraine34,3742
475,9,llewsamcg,7477
476,34,mblaxter5o,3557
477,21,bscamp1n,6318
478,7,obartul80,1593
479,1,dpatrickson9b,8047
480,10,tcazeak,961
481,36,kzanardii5h,567
482,35,hwhitwell3r,5863
483,14,emacelholm2l,1192
484,19,mkeech3m,1195
485,9,cbootherstone19,3837
486,16,nfourmanaj,8951
487,1,crubrow3p,7983
488,22,cspottiswood57,5178
489,29,wblissettam,4362
490,18,dgiraudat16,3995
491,26,wbrocklebank2n,9507
492,33,jgalieroay,6995
493,22,prawlynsb1,321
494,37,rduffil7f,3437
495,7,ghundellw,9305
496,6,slanchester8r,4634
497,24,hsimonsen76,8774
498,27,mchattoc9,114
499,9,rhardy70,2452
500,23,mblaxter5o,8886
501,29,dcarleman4a,2420
502,14,hhulkedf,1325
503,5,ataylour9y,3069
504,35,wpackdq,1531
505,23,kleesecc,853
506,19,dcronkb2,2187
507,24,sbenit7a,708
508,13,rvolet7p,2068
509,35,gbithany6n,9881
510,4,fyardleydb,5962
511,20,hdeniso1q,6014
512,34,rslavin69,8934
513,36,dhenstridge32,2913
514,30,cenriquez8u,7854
515,4,wstentcu,9123
516,18,lbettlescz,4328
517,13,esuttiede,1513
518,1,kklimp4w,7077
519,38,madacot13,1502
520,25,esparsholtd4,8691
521,4,gplumer4h,8496
522,17,ematsonb,8849
523,7,tpieters3w,6742
524,12,mgauthorpp71,2497
525,31,nsalterncd,9507
526,33,rpinksb6,9146
527,29,bbuzinbb,4226
528,14,ciannelli7u,7735
529,39,dvakhrushin3u,9561
530,18,ltomlettaf,1434
531,19,ddalwoodco,1153
532,29,bloxleybd,4224
533,17,bburd1t,6441
534,39,skeppe67,9767
535,1,kstockoe9e,4200
536,4,aaronovich8b,6463
537,8,kchokec4,3212
538,14,rhartilldv,7629
539,39,whazley6k,4867
540,17,hmacalindenbz,708
541,19,bmohammed5m,5372
542,9,cchooter4i,3920
543,25,aallchindi,4549
544,37,acaddie4l,3620
545,11,bhaliburn60,6655
546,31,iwillisonb0,4544
547,4,jbushawaycq,2225
548,4,idolden9v,5143
549,4,ablackmoor56,4359
550,29,cbootherstone19,9602
551,16,hromaninim,4765
552,19,wanderer9g,6410
553,10,kmeiklei,6893
554,6,cnussen3g,8121
555,7,bhonigd1,3830
556,15,ayoskowitz62,2572
557,29,bcharrisson9,7654
558,40,cajam4g,557
559,15,mmcgifford9k,6187
560,3,dditch2s,2934
561,39,ablackmoor56,7304
562,15,hwhitwell3r,7796
563,21,hsabates8f,3521
564,3,abetty7n,6882
565,36,lbickerdykeci,6296
566,37,wlockierdg,1324
567,20,fmcreidya2,4921
568,24,ktrusty8q,6357
569,28,eketteman18,235
570,29,lterrandc,4873
571,10,erembaudby,4590
572,8,mgodney1o,7198
573,26,epetteford40,9908
574,33,sziemens7h,2580
575,3,apearsey2g,6451
576,2,awalklot6a,8553
577,2,ciannelli7u,2323
578,13,esuttiede,6794
579,6,acarmel8o,8484
580,33,gcammoile2v,8919
581,31,rkondratovich41,6873
582,9,rmackenny47,8510
583,25,nmartyn4f,8736
584,11,madacot13,3889
585,19,achansonnau94,4537
586,12,ditzchakica,5701
587,28,acessford4k,9786
588,37,gcammoile2v,2218
589,37,cmcgiff1x,2478
590,17,mswaton2w,6929
591,22,cgorce4r,1600
592,35,mgauthorpp71,8120
593,14,jhundal8v,1350
594,32,lgodlip1s,4142
595,28,ddashwooddd,8857
596,12,scicullobx,4350
597,6,dcahan14,7465
598,10,dpatrickson9b,7369
599,19,mpedgrift4n,5320
600,4,opailin28,7851
601,12,jclyne7m,9576
602,18,gocannavanj,7562
603,11,sousley2f,3790
604,36,ablackmoor56,9380
605,12,mdowdeswell8h,2584
606,6,aallchindi,6547
607,34,nfourmanaj,9670
608,24,rhardy70,1286
609,16,aalessandrucci9m,7141
610,22,dmein4s,9230
611,37,aborey,7145
612,21,ajunkin3f,7995
613,25,ehegel33,5940
614,28,rbadini7b,1034
615,27,glinnitt11,1180
616,38,nnysaa,963
617,24,tnetti1,3985
618,14,zstreetley5i,8366
619,12,rpinksb6,6882
620,20,rbadini7b,7416
621,31,elack2x,4536
622,31,llaird0,6360
623,3,jmcleishbf,4311
624,23,ldawidsohnr,2107
625,7,rtimmons4u,1045
626,32,sitzhakce,3171
627,12,rbeauments,7694
628,6,wstentcu,9000
629,33,gwhenman6t,826
630,35,mchillistone8l,1618
631,6,cenriquez8u,1939
632,9,aaronovich8b,1430
633,13,epetteford40,3464
634,18,iodonohuebh,9736
635,13,sreubena0,6738
636,38,achansonnau94,2814
637,7,cpryora5,7941
638,40,olukehurst7c,9319
639,10,ayoskowitz62,9555
640,33,svaskovbj,7674
641,29,amccreery6v,9026
642,17,aalessandrucci9m,4840
643,11,ldesmond9n,3710
644,13,ffellgatt84,9356
645,36,vbaseke6,5431
646,5,ablackmoor56,4345
647,24,cpinn6s,8615
648,31,csatchbn,8483
649,20,dpendrichap,8242
650,30,sitzhakce,3861
651,6,dvaugham8t,8261
652,12,dcahan14,1785
653,7,jpartlett1z,9477
654,39,esaddingtonbt,7075
655,4,fmillomdj,7629
656,29,vgrowcott1h,539
657,17,asympson3e,9467
658,7,uharby7x,5064
659,2,dcahan14,2453
660,10,gbatchelar85,879
661,40,nglasheen24,573
662,12,jstiggers2t,9158
663,1,whazley6k,1731
664,1,ltomlettaf,2282
665,1,jfleyd6,8002
666,29,jfleyd6,6519
667,16,dvaugham8t,3453
668,35,pfromont3i,6089
669,18,aholah6h,216
670,26,mmcgifford9k,8056
671,25,mmcgifford9k,7273
672,29,hkornas86,7130
673,29,ceagell6p,622
674,21,gwoltering8y,940
675,7,madacot13,2155
676,37,cenriquez8u,1512
677,30,ddecourcy1e,746
678,5,tmckeggie5c,4609
679,4,cwhittleton82,4879
680,12,mmcgenis1m,2456
681,27,ayoskowitz62,2908
682,9,qmancell4p,3631
683,33,pmacanespiec2,5429
684,21,mkilsbybl,4030
685,18,ecackett9p,8115
686,32,cosmond6q,8144
687,25,rblanning6u,4941
688,40,bhonigd1,1817
689,35,carundel7z,4945
690,18,mward55,9626
691,2,pgillisonbw,5277
692,40,lterrandc,3787
693,18,skiddellah,9797
694,24,smeddemmenbp,9123
695,26,atrythall7e,4723
696,3,jpentlow17,6625
697,5,jpentlow17,6047
698,26,gbithany6n,9419
699,8,wpackdq,7545
700,33,gconfait99,4107
701,11,gdeuss3v,2227
702,24,hhulkedf,2606
703,4,gianetti3l,9002
704,4,fbremeyer9s,5835
705,2,jneggrinid,400
706,38,rblanning6u,5122
707,10,ajunkin3f,9322
708,29,aansellc,4196
709,32,nfourmanaj,8706
710,19,jclyne7m,5480
711,30,svaskovbj,9658
712,18,bmityushkin45,6888
713,23,bloxleybd,1916
714,36,mbyardao,4529
715,13,dmothersdale4q,1530
716,23,ssaundercockck,6309
717,37,ibrasener87,2375
718,30,rtroillet6e,5371
719,8,bcammidge6c,1540
720,33,kkattad,5990
721,40,mnew3h,9284
722,9,ahorryaq,6166
723,2,ashort2,2990
724,16,kcadmang,9126
725,2,tosgar6z,4615
726,23,qmancell4p,7637
727,13,kchokec4,5543
728,11,idolden9v,2903
729,27,clealle53,2489
730,13,jsivess9c,7097
731,35,mcreamer22,5248
732,22,dcahan14,9152
733,7,ibrasener87,4906
734,14,eflageul7d,4345
735,19,wstentcu,1328
736,7,dstrangward3o,9633
737,7,atrythall7e,9167
738,12,vbaseke6,3275
739,29,afarres4t,2535
740,30,bcarranebq,9612
741,40,gpendergrast4x,291
742,40,rvolet7p,8568
743,6,cenriquez8u,6964
744,22,kpainswick81,6034
745,21,cdurhamcb,7103
746,16,ysutherns8i,3552
747,16,vscotcher78,2552
748,28,khapperz,4601
749,40,ajendas5k,6977
750,25,achansonnau94,9864
751,25,mgilogly10,3842
752,12,bslowcockd2,6844
753,39,vbanbrick8c,5247
754,34,fyardleydb,3158
755,33,mdoretp,2884
756,38,ebrakewell2y,6776
757,13,mcassedy1i,9278
758,17,jmcleishbf,496
759,12,arout5,9612
760,11,gcammoile2v,7013
761,30,achansonnau94,9673
762,14,ysutherns8i,5771
763,31,mchattoc9,3409
764,11,dgledstane1b,5033
765,36,jyantsev1y,8410
766,26,rtimmons4u,4327
767,12,nparsandcs,2164
768,16,ndeniskec8,2515
769,23,lgodlip1s,7129
770,30,jpolod5,4373
771,24,rpennycockal,8094
772,26,sallworthydu,6420
773,19,cmcneilley49,1255
774,17,srenada,6682
775,25,chitzschkebe,1853
776,18,kklimp4w,7533
777,3,iwillisonb0,205
778,6,jinglefield5f,1494
779,24,vgeraschcm,3300
780,20,esuttiede,5391
781,5,kpainswick81,2078
782,26,ahorryaq,8666
783,38,elack2x,9967
784,24,mkeech3m,3190
785,32,bgyer5s,3558
786,2,obalhatchet35,7905
787,8,dditch2s,1879
788,3,creavell8,5067
789,26,jguerreau3c,6001
790,11,jpicard7t,2497
791,18,ablackmoor56,2211
792,7,mgauthorpp71,1808
793,31,achansonnau94,3842
794,31,tmoral4c,5273
795,24,jhundal8v,7970
796,10,dsnaden73,1382
797,13,dmcilhattonn,7188
798,11,arout5,3915
799,3,rtimmons4u,1558
800,29,lhyndman5v,6221
801,19,kkattad,4718
802,11,dhenstridge32,8105
803,6,smeddemmenbp,5533
804,8,carundel7z,6901
805,6,dsteptowe4y,4312
806,36,cmacredmondcr,1381
807,23,lterrandc,6330
808,33,kkattad,2284
809,8,hlilleyman2e,929
810,40,gwhenman6t,821
811,39,tnetti1,8155
812,2,rpennerdo,6968
813,11,fdoneo,5045
814,1,ppenhall5z,4036
815,11,gdarbybi,1897
816,37,ahorryaq,7232
817,33,tpieters3w,7982
818,14,atrythall7e,6158
819,6,iproffercl,363
820,29,skiddellah,9793
821,19,lbradnumbc,6121
822,24,jneggrinid,3359
823,10,acarmel8o,1639
824,7,lcrowchecy,8979
825,3,erembaudby,315
826,28,creavell8,2243
827,33,cmckelvie5a,8867
828,27,jguerreau3c,909
829,2,asympson3e,280
830,26,cwealleansh,6788
831,5,rbadini7b,2306
832,35,hmouncey1d,7707
833,14,cmonaghan1c,8765
834,14,dsteptowe4y,6103
835,34,omcconigal1p,2688
836,38,rtimmons4u,7142
837,17,dphilpott21,7309
838,14,jneggrinid,976
839,7,enarraway1w,8343
840,25,ppetreczat,5050
841,4,gdeuss3v,2602
842,4,tlefleming12,7179
843,30,ggolson4d,7720
844,39,vgrowcott1h,2325
845,10,eelvenl,8670
846,38,dkeyzman4,3496
847,33,lcrowchecy,8170
848,17,dtwidell96,7393
849,7,jcallaghanda,2953
850,8,gdarbybi,837
851,29,obartul80,5826
852,35,rkelby43,2977
853,6,dcadalleder8j,3171
854,25,dmaroney1u,7641
855,6,hwhitwell3r,669
856,1,madacot13,9724
857,38,gjocic6r,1069
858,27,skiddellah,3999
859,23,jcallaghanda,9655
860,1,qbrownett1l,7875
861,17,mkilsbybl,5043
862,1,onardoni1g,6722
863,22,pdoctor2j,7092
864,29,ditzchakica,6390
865,20,ntapsell23,6112
866,11,jguerreau3c,7415
867,31,mregglar7g,7652
868,19,gconfait99,5438
869,23,elack2x,7120
870,39,creavell8,3544
871,37,creavell8,1594
872,2,nglasheen24,259
873,20,egarwillan,1203
874,16,tcalver8k,9467
875,27,lstirton8a,4380
876,5,creinger46,5587
877,36,lavesct,8625
878,31,tgwilliam6x,2296
879,16,tmountney5y,3985
880,30,kmeiklei,7326
881,33,erembaudby,6909
882,20,achansonnau94,6121
883,37,apearsey2g,266
884,35,dgledstane1b,8154
885,34,ajentzsch9u,7947
886,40,emacelholm2l,4029
887,22,cbaudon4m,5567
888,11,carundel7z,5486
889,3,adesseine6w,7397
890,6,cwhittleton82,4229
891,5,ddanseyb4,2872
892,30,dnursedn,1077
893,6,atrythall7e,7380
894,21,dditch2s,9962
895,17,ppenhall5z,1357
896,19,rkelby43,5368
897,24,acarmel8o,8061
898,14,jgalieroay,4799
899,4,cpinn6s,5092
900,29,eelvenl,7915
901,15,atesche2a,1071
902,40,plequesnebg,2000
903,4,dditch2s,6622
904,39,sabbesd8,8631
905,9,mbelasco50,1758
906,16,afollis4z,8165
907,5,lavesct,6737
908,19,kklimp4w,8890
909,8,hrix97,8314
910,34,avandenhof5q,6875
911,35,oingleston5u,7757
912,21,obalhatchet35,7620
913,30,bcharrisson9,2973
914,13,gwizcf,7327
915,32,rpinksb6,1169
916,26,tpieters3w,8317
917,30,tbowie39,9927
918,28,carundel7z,1344
919,4,dcasierb9,2135
920,21,syakunin3b,830
921,11,mchillistone8l,3983
922,4,dvakhrushin3u,9690
923,37,adeniso79,8807
924,13,acaddie4l,6519
925,5,dbuzza98,5315
926,37,syakunin3b,9932
927,16,mswaton2w,5233
928,34,achansonnau94,948
929,9,gbell2p,4797
930,32,tbrattell75,2619
931,26,shinzer3j,9043
932,16,jsivess9c,5821
933,16,sabbesd8,9404
934,28,cbaudon4m,9283
935,3,ebrakewell2y,9370
936,30,ktrusty8q,7210
937,37,erembaudby,9610
938,12,nglasheen24,2222
939,1,jrevie77,4551
940,24,gwoltering8y,9968
941,26,fbremeyer9s,6793
942,34,cmustoecp,104
943,24,mgraine34,4922
944,10,coglassane4j,4945
945,34,cmckelvie5a,810
946,14,mchillistone8l,1235
947,18,osirmondav,3051
948,7,esuttiede,6446
949,16,cajam4g,9153
950,40,glisciardelli66,9296
951,19,khapperz,1521
952,22,shinzer3j,5204
953,37,joxterby8s,7150
954,17,hdeniso1q,9386
955,17,ltoddd0,1998
956,18,dphilpott21,8287
957,36,skellet5t,9155
958,26,smclaine6f,7777
959,2,cgorce4r,1465
960,35,bbuzinbb,1134
961,1,mwhitmore5e,259
962,24,dbuzza98,5607
963,22,lcastanev,8434
964,33,hbloan15,7187
965,9,ssaundercockck,2113
966,6,mgauthorpp71,1331
967,8,ldollx,3902
968,16,afarres4t,8823
969,15,ebrakewell2y,4718
970,39,tosgar6z,409
971,18,cbigly8d,1099
972,12,tcazeak,2855
973,2,csidonag,1264
974,6,arout5,6149
975,22,lgodlip1s,8000
976,40,gormshaw9d,9070
977,9,kheavisideai,6961
978,7,skonmannar,9258
979,28,pfromont3i,685
980,3,lbellham63,1238
981,3,jgalieroay,325
982,16,dtwidell96,9603
983,26,hwhitwell3r,8996
984,31,dcasierb9,9068
985,35,ashort2,6248
986,9,dsteptowe4y,6705
987,15,slanchester8r,9227
988,30,llaird0,9256
989,3,cspottiswood57,3946
990,20,pearwakerac,6577
991,19,lfloch3x,8775
992,20,vbanbrick8c,3001
993,4,amacnucatord9,6717
994,38,rpennerdo,5728
995,4,jrevie77,5519
996,28,tlefleming12,1306
997,35,mkeech3m,6896
998,20,lbasilic6,1751
999,19,uharby7x,4317
1000,13,gbatchelar85,4343
